Program,Seq,Exec Time(ms),Mem Usage(Kb),Similarity Score,Seq Mean length,Mean PID(%),Total Seq Count
muscle,BBA0002,0.0112,10216,14806.892957746479,233.0,44.6263,71
linsi,BBA0002,0.0093,86328,17291.256136820924,238.0,53.8617,71
t_coffee,BBA0002,35.0736,600,17555.34225352113,239.0,54.3896,71
probcons,BBA0002,46.1785,600,17518.876056338027,239.0,54.2850,71
dialign2-2,BBA0002,27.8123,600,17211.359557344065,246.0,53.8669,71
kalign,BBA0002,0.0190,600,17340.677665995976,273.0,53.9317,71
